-- phpMyAdmin SQL Dump
-- version 5.2.1
-- https://www.phpmyadmin.net/
--
-- Host: 127.0.0.1
-- Generation Time: May 14, 2024 at 08:15 AM
-- Server version: 10.4.28-MariaDB
-- PHP Version: 8.2.4

SET SQL_MODE = "NO_AUTO_VALUE_ON_ZERO";
START TRANSACTION;
SET time_zone = "+00:00";


/*!40101 SET @OLD_CHARACTER_SET_CLIENT=@@CHARACTER_SET_CLIENT */;
/*!40101 SET @OLD_CHARACTER_SET_RESULTS=@@CHARACTER_SET_RESULTS */;
/*!40101 SET @OLD_COLLATION_CONNECTION=@@COLLATION_CONNECTION */;
/*!40101 SET NAMES utf8mb4 */;

--
-- Database: `perpustakaan`
--

-- --------------------------------------------------------

--
-- Table structure for table `anggota`
--

CREATE TABLE `anggota` (
  `id_anggota` int(11) NOT NULL,
  `kode_anggota` varchar(9) NOT NULL,
  `nama_anggota` varchar(100) NOT NULL,
  `jk_anggota` char(1) NOT NULL,
  `jurusan_anggota` varchar(2) NOT NULL,
  `no_telp_anggota` varchar(13) NOT NULL,
  `alamat_anggota` varchar(100) NOT NULL
) ENGINE=InnoDB DEFAULT CHARSET=latin1 COLLATE=latin1_swedish_ci;

--
-- Dumping data for table `anggota`
--

INSERT INTO `anggota` (`id_anggota`, `kode_anggota`, `nama_anggota`, `jk_anggota`, `jurusan_anggota`, `no_telp_anggota`, `alamat_anggota`) VALUES
(1, 'A001', 'John Doe', 'L', 'TI', '08123456789', 'Jl. Pahlawan No. 123'),
(2, 'A002', 'Jane Doe', 'P', 'MI', '08123456788', 'Jl. Merdeka No. 456'),
(3, 'A003', 'Michael Smith', 'L', 'SI', '08123456787', 'Jl. Cendrawasih No. 789');

-- --------------------------------------------------------

--
-- Table structure for table `buku`
--

CREATE TABLE `buku` (
  `id_buku` int(11) NOT NULL,
  `kode_buku` char(5) NOT NULL,
  `judul_buku` varchar(50) NOT NULL,
  `penulis_buku` varchar(50) NOT NULL,
  `penerbit_buku` varchar(50) NOT NULL,
  `tahun_penerbit` char(4) NOT NULL,
  `stok` int(11) NOT NULL
) ENGINE=InnoDB DEFAULT CHARSET=latin1 COLLATE=latin1_swedish_ci;

--
-- Dumping data for table `buku`
--

INSERT INTO `buku` (`id_buku`, `kode_buku`, `judul_buku`, `penulis_buku`, `penerbit_buku`, `tahun_penerbit`, `stok`) VALUES
(1, 'B001', 'Harry Potter and the Philosopher\'s Stone', 'J.K. Rowling', 'Bloomsbury', '1997', 10),
(2, 'B002', 'To Kill a Mockingbird', 'Harper Lee', 'J. B. Lippincott & Co.', '1960', 8),
(3, 'B003', '1984', 'George Orwell', 'Secker & Warburg', '1949', 12);

-- --------------------------------------------------------

--
-- Table structure for table `peminjaman`
--

CREATE TABLE `peminjaman` (
  `id_peminjaman` int(11) NOT NULL,
  `tanggal_pinjam` date NOT NULL,
  `tanggal_kembali` date NOT NULL,
  `id_buku` int(11) NOT NULL,
  `id_anggota` int(11) NOT NULL,
  `id_petugas` int(11) NOT NULL
) ENGINE=InnoDB DEFAULT CHARSET=latin1 COLLATE=latin1_swedish_ci;

--
-- Dumping data for table `peminjaman`
--

INSERT INTO `peminjaman` (`id_peminjaman`, `tanggal_pinjam`, `tanggal_kembali`, `id_buku`, `id_anggota`, `id_petugas`) VALUES
(1, '2024-05-01', '2024-05-08', 1, 1, 1),
(2, '2024-04-25', '2024-05-02', 2, 2, 2),
(3, '2024-05-07', '2024-05-15', 1, 2, 2);

-- --------------------------------------------------------

--
-- Table structure for table `pengembalian`
--

CREATE TABLE `pengembalian` (
  `id_pengembalian` int(11) NOT NULL,
  `tanggal_pengembalian` date NOT NULL,
  `denda` int(11) NOT NULL,
  `id_buku` int(11) NOT NULL,
  `id_anggota` int(11) NOT NULL,
  `id_petugas` int(11) NOT NULL
) ENGINE=InnoDB DEFAULT CHARSET=latin1 COLLATE=latin1_swedish_ci;

--
-- Dumping data for table `pengembalian`
--

INSERT INTO `pengembalian` (`id_pengembalian`, `tanggal_pengembalian`, `denda`, `id_buku`, `id_anggota`, `id_petugas`) VALUES
(1, '2024-05-08', 0, 1, 1, 1),
(2, '2024-05-02', 0, 2, 2, 2),
(3, '2024-05-07', 0, 1, 2, 1);

-- --------------------------------------------------------

--
-- Table structure for table `petugas`
--

CREATE TABLE `petugas` (
  `id_petugas` int(11) NOT NULL,
  `nama_petugas` varchar(50) NOT NULL,
  `jabatan_petugas` varchar(50) NOT NULL,
  `no_telp_petugas` char(13) NOT NULL,
  `alamat_petugas` varchar(100) NOT NULL
) ENGINE=InnoDB DEFAULT CHARSET=latin1 COLLATE=latin1_swedish_ci;

--
-- Dumping data for table `petugas`
--

INSERT INTO `petugas` (`id_petugas`, `nama_petugas`, `jabatan_petugas`, `no_telp_petugas`, `alamat_petugas`) VALUES
(1, 'Mark Smith', 'Librarian', '08111111111', 'Jl. Gatot Subroto No. 789'),
(2, 'Sarah Johnson', 'Assistant Librarian', '08222222222', 'Jl. Sudirman No. 456');

-- --------------------------------------------------------

--
-- Table structure for table `rak`
--

CREATE TABLE `rak` (
  `id_rak` int(11) NOT NULL,
  `nama_rak` varchar(50) NOT NULL,
  `lokasi_rak` varchar(50) NOT NULL,
  `id_buku` int(11) NOT NULL
) ENGINE=InnoDB DEFAULT CHARSET=latin1 COLLATE=latin1_swedish_ci;

--
-- Dumping data for table `rak`
--

INSERT INTO `rak` (`id_rak`, `nama_rak`, `lokasi_rak`, `id_buku`) VALUES
(1, 'Fiksi', 'Lantai 2', 1),
(2, 'Non-Fiksi', 'Lantai 3', 2);

--
-- Indexes for dumped tables
--

--
-- Indexes for table `anggota`
--
ALTER TABLE `anggota`
  ADD PRIMARY KEY (`id_anggota`);

--
-- Indexes for table `buku`
--
ALTER TABLE `buku`
  ADD PRIMARY KEY (`id_buku`),
  ADD UNIQUE KEY `kode_buku` (`kode_buku`);

--
-- Indexes for table `peminjaman`
--
ALTER TABLE `peminjaman`
  ADD PRIMARY KEY (`id_peminjaman`),
  ADD KEY `id_buku` (`id_buku`),
  ADD KEY `id_anggota` (`id_anggota`),
  ADD KEY `id_petugas` (`id_petugas`);

--
-- Indexes for table `pengembalian`
--
ALTER TABLE `pengembalian`
  ADD PRIMARY KEY (`id_pengembalian`),
  ADD KEY `id_petugas` (`id_petugas`),
  ADD KEY `id_anggota` (`id_anggota`),
  ADD KEY `id_buku` (`id_buku`);

--
-- Indexes for table `petugas`
--
ALTER TABLE `petugas`
  ADD PRIMARY KEY (`id_petugas`);

--
-- Indexes for table `rak`
--
ALTER TABLE `rak`
  ADD PRIMARY KEY (`id_rak`),
  ADD KEY `id_buku` (`id_buku`);

--
-- AUTO_INCREMENT for dumped tables
--

--
-- AUTO_INCREMENT for table `anggota`
--
ALTER TABLE `anggota`
  MODIFY `id_anggota` int(11) NOT NULL AUTO_INCREMENT, AUTO_INCREMENT=4;

--
-- AUTO_INCREMENT for table `buku`
--
ALTER TABLE `buku`
  MODIFY `id_buku` int(11) NOT NULL AUTO_INCREMENT, AUTO_INCREMENT=4;

--
-- AUTO_INCREMENT for table `peminjaman`
--
ALTER TABLE `peminjaman`
  MODIFY `id_peminjaman` int(11) NOT NULL AUTO_INCREMENT, AUTO_INCREMENT=4;

--
-- AUTO_INCREMENT for table `pengembalian`
--
ALTER TABLE `pengembalian`
  MODIFY `id_pengembalian` int(11) NOT NULL AUTO_INCREMENT, AUTO_INCREMENT=4;

--
-- AUTO_INCREMENT for table `petugas`
--
ALTER TABLE `petugas`
  MODIFY `id_petugas` int(11) NOT NULL AUTO_INCREMENT, AUTO_INCREMENT=3;

--
-- AUTO_INCREMENT for table `rak`
--
ALTER TABLE `rak`
  MODIFY `id_rak` int(11) NOT NULL AUTO_INCREMENT, AUTO_INCREMENT=3;

--
-- Constraints for dumped tables
--

--
-- Constraints for table `peminjaman`
--
ALTER TABLE `peminjaman`
  ADD CONSTRAINT `peminjaman_ibfk_1` FOREIGN KEY (`id_buku`) REFERENCES `buku` (`id_buku`),
  ADD CONSTRAINT `peminjaman_ibfk_2` FOREIGN KEY (`id_petugas`) REFERENCES `petugas` (`id_petugas`),
  ADD CONSTRAINT `peminjaman_ibfk_3` FOREIGN KEY (`id_anggota`) REFERENCES `anggota` (`id_anggota`);

--
-- Constraints for table `pengembalian`
--
ALTER TABLE `pengembalian`
  ADD CONSTRAINT `pengembalian_ibfk_1` FOREIGN KEY (`id_buku`) REFERENCES `buku` (`id_buku`),
  ADD CONSTRAINT `pengembalian_ibfk_2` FOREIGN KEY (`id_petugas`) REFERENCES `petugas` (`id_petugas`),
  ADD CONSTRAINT `pengembalian_ibfk_3` FOREIGN KEY (`id_anggota`) REFERENCES `anggota` (`id_anggota`);

--
-- Constraints for table `rak`
--
ALTER TABLE `rak`
  ADD CONSTRAINT `rak_ibfk_1` FOREIGN KEY (`id_buku`) REFERENCES `buku` (`id_buku`);
COMMIT;

/*!40101 SET CHARACTER_SET_CLIENT=@OLD_CHARACTER_SET_CLIENT */;
/*!40101 SET CHARACTER_SET_RESULTS=@OLD_CHARACTER_SET_RESULTS */;
/*!40101 SET COLLATION_CONNECTION=@OLD_COLLATION_CONNECTION */;
